customer_id,age,age_group,income,product_category,product_name,brand,purchase_frequency,purchase_amount
1001,22,18-25,32000,Electronics,Headphones,Sony,7,2800
1002,24,18-25,35000,Electronics,Smartphone,Samsung,6,22000
1003,21,18-25,30000,Clothing,T-Shirt,Nike,8,1200
1004,23,18-25,31000,Clothing,Jeans,Levis,7,2000
1005,25,18-25,34000,Groceries,Coffee,Nestle,6,500
1006,27,26-35,45000,Electronics,Laptop,HP,5,55000
1007,29,26-35,48000,Electronics,Tablet,Apple,6,35000
1008,31,26-35,52000,Clothing,Jacket,Adidas,7,4000
1009,33,26-35,50000,Home Decor,Wall Lamp,Philips,6,3000
1010,30,26-35,47000,Groceries,Cereal,Kellogg's,8,600
1011,36,36-50,60000,Electronics,Smart TV,Sony,5,45000
1012,38,36-50,65000,Electronics,Speaker,JBL,6,8000
1013,40,36-50,62000,Home Decor,Table Lamp,Philips,7,3500
1014,42,36-50,64000,Groceries,Coffee,Nestle,8,550
1015,45,36-50,67000,Clothing,Shirt,VanHeusen,6,2500
1016,52,50+,70000,Groceries,Rice,IndiaGate,9,1200
1017,55,50+,72000,Groceries,Tea,Tata,8,700
1018,58,50+,75000,Home Decor,Carpet,IKEA,5,5000
1019,60,50+,77000,Clothing,Sweater,AllenSolly,4,3000
1020,53,50+,71000,Electronics,Radio,Panasonic,5,2000
1021,22,18-25,33000,Electronics,Smartwatch,Apple,7,18000
1022,24,18-25,36000,Clothing,Sneakers,Adidas,8,3500
1023,26,26-35,46000,Electronics,Monitor,Dell,6,12000
1024,28,26-35,49000,Clothing,T-Shirt,Puma,7,1500
1025,34,26-35,52000,Groceries,Milk,Amul,9,400
1026,37,36-50,61000,Electronics,Camera,Canon,5,38000
1027,41,36-50,63000,Home Decor,Curtains,IKEA,6,4200
1028,44,36-50,66000,Groceries,Sugar,Tata,8,450
1029,51,50+,69000,Clothing,Jacket,Woodland,4,3500
1030,57,50+,73000,Electronics,DVD Player,Sony,5,2500
1031,23,18-25,34000,Clothing,Hoodie,Nike,7,2200
1032,25,18-25,35000,Groceries,Snacks,PepsiCo,8,300
1033,29,26-35,48000,Home Decor,Clock,Ajanta,6,1800
1034,32,26-35,51000,Electronics,Keyboard,Logitech,7,2500
1035,39,36-50,64000,Clothing,Formal Shirt,Arrow,6,2800
1036,43,36-50,66000,Groceries,Oil,Fortune,8,700
1037,54,50+,72000,Home Decor,Sofa,Godrej,4,25000
1038,59,50+,76000,Groceries,Biscuits,Parle,7,200
1039,24,18-25,35000,Electronics,Earbuds,Boat,8,1800
1040,31,26-35,50000,Clothing,Jeans,Levis,6,2200
1041,19,18-25,28000,Electronics,Headphones,JBL,7,3500
1042,20,18-25,29000,Clothing,T-Shirt,Puma,8,1100
1043,26,26-35,44000,Groceries,Bread,Modern,9,150
1044,28,26-35,47000,Home Decor,Wall Art,IKEA,5,4500
1045,35,26-35,53000,Electronics,Smartphone,OnePlus,6,32000
1046,37,36-50,59000,Clothing,Jeans,Lee,7,2300
1047,39,36-50,62000,Electronics,Tablet,Lenovo,5,22000
1048,41,36-50,64000,Groceries,Flour,Ashirwad,8,350
1049,44,36-50,67000,Home Decor,Lamp,Philips,6,2800
1050,46,36-50,68000,Clothing,Jacket,NorthFace,5,6500
1051,48,36-50,70000,Electronics,Smart TV,LG,4,52000
1052,50,50+,71000,Groceries,Pasta,Barilla,7,250
1053,52,50+,73000,Home Decor,Rug,IKEA,5,3500
1054,55,50+,75000,Clothing,Shirt,Arrow,6,2400
1055,57,50+,77000,Electronics,Speaker,Bose,4,18000
1056,59,50+,79000,Groceries,Honey,Dabur,8,400
1057,61,50+,81000,Clothing,Trousers,VanHeusen,5,3200
1058,63,50+,83000,Home Decor,Curtains,HomeTown,4,3800
1059,65,50+,85000,Electronics,Laptop,Apple,3,95000
1060,67,50+,87000,Groceries,Spices,MDH,7,180
1061,20,18-25,30000,Clothing,Shorts,Adidas,8,1500
1062,22,18-25,32000,Electronics,PowerBank,MI,7,1200
1063,24,18-25,34000,Groceries,Yogurt,Amul,9,80
1064,25,18-25,36000,Home Decor,PhotoFrame,IKEA,6,800
1065,27,26-35,38000,Electronics,Router,TP-Link,7,1500
1066,29,26-35,41000,Clothing,Sweater,H&M,6,1800
1067,31,26-35,44000,Groceries,Cheese,Amul,8,250
1068,33,26-35,47000,Electronics,Smartwatch,Fossil,5,14000
1069,34,26-35,50000,Home Decor,Cushion,IKEA,7,600
1070,36,36-50,53000,Clothing,Blazer,Arrow,4,5500
1071,38,36-50,56000,Electronics,Camera,Nikon,5,42000
1072,40,36-50,59000,Groceries,Juice,Tropicana,8,120
1073,42,36-50,62000,Home Decor,Vase,IKEA,6,900
1074,43,36-50,65000,Clothing,Jeans,Spykar,7,2100
1075,45,36-50,68000,Electronics,Headphones,Sennheiser,5,12000
1076,47,36-50,71000,Groceries,Coffee,Starbucks,6,650
1077,49,36-50,74000,Home Decor,Mirror,IKEA,4,3200
1078,51,50+,76000,Clothing,Jacket,MonteCarlo,5,3800
1079,53,50+,78000,Electronics,Smart TV,Panasonic,4,48000
1080,55,50+,80000,Groceries,Oats,Quaker,7,220
1081,57,50+,82000,Clothing,Shirt,LouisPhilippe,5,3500
1082,59,50+,84000,Home Decor,Clock,Timex,6,1500
1083,61,50+,86000,Electronics,Tablet,Microsoft,3,45000
1084,63,50+,88000,Groceries,Pickles,Patak's,7,180
1085,65,50+,90000,Clothing,Sweater,JohnPlayers,4,2900
1086,18,18-25,26000,Electronics,Earbuds,Noise,8,1300
1087,20,18-25,28000,Clothing,Cap,Nike,9,800
1088,22,18-25,30000,Groceries,EnergyDrink,RedBull,7,150
1089,23,18-25,32000,Home Decor,PlantPot,IKEA,6,400
1090,25,18-25,34000,Electronics,SmartBand,MI,7,2200
1091,27,26-35,36000,Clothing,Jeans,Pepe,6,1900
1092,29,26-35,39000,Groceries,Butter,Amul,8,280
1093,30,26-35,42000,Electronics,Speaker,UltimateEars,5,15000
1094,32,26-35,45000,Home Decor,WallShelf,IKEA,6,1200
1095,34,26-35,48000,Clothing,Trousers,PeterEngland,7,2200
1096,35,26-35,51000,Electronics,Monitor,Acer,5,9000
1097,37,36-50,54000,Groceries,Chocolate,KitKat,8,60
1098,39,36-50,57000,Home Decor,Lamp,IKEA,6,800
1099,40,36-50,60000,Clothing,Jacket,Columbia,5,5800
1100,42,36-50,63000,Electronics,Keyboard,Razer,4,4500
1101,44,36-50,66000,Groceries,IceCream,Amul,7,250
1102,45,36-50,69000,Home Decor,Rug,HomeTown,5,2800
1103,47,36-50,72000,Clothing,FormalShirt,AllenSolly,6,3100
1104,49,36-50,75000,Electronics,Smartwatch,Garmin,4,22000
1105,51,50+,77000,Groceries,Honey,Natural,7,320
1106,53,50+,79000,Home Decor,Curtains,Portico,5,3400
1107,55,50+,81000,Clothing,Blazer,BlackBerry,4,6000
1108,57,50+,83000,Electronics,Projector,Epson,3,35000
1109,59,50+,85000,Groceries,Tea,Tetley,8,280
1110,61,50+,87000,Clothing,Jeans,Wrangler,5,2400
1111,63,50+,89000,Home Decor,Candles,Yankee,6,1200
1112,65,50+,91000,Electronics,Radio,Philips,4,1800
1113,67,50+,93000,Groceries,Sauce,Heinz,7,190
1114,19,18-25,27000,Clothing,Hoodie,H&M,8,1600
1115,21,18-25,29000,Electronics,Charger,Anker,7,900
1116,23,18-25,31000,Groceries,Chips,Lays,9,60
1117,24,18-25,33000,Home Decor,Clock,IKEA,6,700
1118,26,26-35,35000,Clothing,Shorts,Reebok,7,1300
1119,28,26-35,38000,Electronics,Headphones,AudioTechnica,5,5500
1120,30,26-35,41000,Groceries,Soup,Knorr,8,90
1121,31,26-35,44000,Home Decor,Flowers,Artificial,6,300
1122,33,26-35,47000,Clothing,Jacket,Decathlon,5,2800
1123,35,26-35,50000,Electronics,SmartHome,Amazon,4,3500
1124,36,36-50,53000,Groceries,Cookies,Britannia,7,120
1125,38,36-50,56000,Home Decor,PhotoFrames,IKEA,6,600
1126,40,36-50,59000,Clothing,Sweater,USPA,5,1900
1127,41,36-50,62000,Electronics,GamingConsole,Sony,3,35000
1128,43,36-50,65000,Groceries,Pasta,DelMonte,8,180
1129,45,36-50,68000,Home Decor,WallClock,Quartz,6,1100
1130,46,36-50,71000,Clothing,TShirt,Levis,7,1400
1131,48,36-50,74000,Electronics,VRHeadset,Oculus,3,28000
1132,50,50+,76000,Groceries,Coffee,Nescafe,8,450
1133,52,50+,78000,Home Decor,BedSheet,Portico,5,1800
1134,54,50+,80000,Clothing,Shirt,VanHeusen,6,2600
1135,56,50+,82000,Electronics,Soundbar,Sony,4,12000
1136,58,50+,84000,Groceries,Rice,Daawat,7,1100
1137,60,50+,86000,Clothing,Trousers,Arrow,5,2800
1138,62,50+,88000,Home Decor,Curtains,BombayDyeing,4,3200
1139,64,50+,90000,Electronics,Drone,DJI,2,55000
1140,66,50+,92000,Groceries,Pulses,MMTC,7,320
1141,18,18-25,25000,Clothing,TShirt,HRX,8,900
1142,20,18-25,28000,Electronics,SmartBand,Huawei,7,1500
1143,22,18-25,30000,Groceries,Noodles,TopRamen,9,60
1144,23,18-25,32000,Home Decor,WallStickers,IKEA,6,350
1145,25,18-25,34000,Clothing,Cap,Puma,8,700
1146,27,26-35,36000,Electronics,Speaker,Philips,6,4000
1147,29,26-35,39000,Groceries,Biscuits,Sunfeast,8,80
1148,30,26-35,42000,Home Decor,CushionCovers,IKEA,7,400
1149,32,26-35,45000,Clothing,Jeans,FlyingMachine,6,2000
1150,34,26-35,48000,Electronics,Smartwatch,Noise,5,4500
1151,35,26-35,51000,Groceries,Jam,Kissan,8,140
1152,37,36-50,54000,Home Decor,Rug,Carpet,6,2200
1153,39,36-50,57000,Clothing,Jacket,Wildcraft,5,4200
1154,40,36-50,60000,Electronics,Tablet,Asus,4,18000
1155,42,36-50,63000,Groceries,Mayonnaise,FunFoods,7,160
1156,44,36-50,66000,Home Decor,Lampshade,IKEA,6,500
1157,45,36-50,69000,Clothing,FormalShirt,PeterEngland,6,2400
1158,47,36-50,72000,Electronics,ExternalDrive,Seagate,5,5500
1159,49,36-50,75000,Groceries,Ketchup,Heinz,8,170
1160,51,50+,77000,Home Decor,Curtains,IKEA,5,2900
1161,53,50+,79000,Clothing,Sweater,MonteCarlo,4,2700
1162,55,50+,81000,Electronics,Router,Netgear,5,2000
1163,57,50+,83000,Groceries,Coffee,Bru,8,380
1164,59,50+,85000,Clothing,Shirt,AllenSolly,6,3000
1165,61,50+,87000,Home Decor,WallClock,Ajanta,6,1300
1166,63,50+,89000,Electronics,Printer,HP,4,8000
1167,65,50+,91000,Groceries,Honey,Himalaya,7,290
1168,67,50+,93000,Clothing,Jacket,Woodland,3,4200
1169,19,18-25,26000,Electronics,Headphones,Sony,7,2500
1170,21,18-25,29000,Clothing,TShirt,Adidas,8,1100
1171,23,18-25,31000,Groceries,Chocolate,DairyMilk,9,70
1172,24,18-25,33000,Home Decor,Showpiece,IKEA,6,850
1173,26,26-35,35000,Electronics,Smartwatch,Apple,5,19000
1174,28,26-35,38000,Clothing,Jeans,Levis,7,2100
1175,30,26-35,41000,Groceries,Pasta,Barilla,8,200
1176,31,26-35,44000,Home Decor,Lamp,Philips,6,2800
1177,33,26-35,47000,Clothing,Shorts,Nike,7,1400
1178,35,26-35,50000,Electronics,Speaker,JBL,5,7000
1179,36,36-50,53000,Groceries,Oats,Saffola,7,240
1180,38,36-50,56000,Home Decor,PhotoFrame,IKEA,6,550
1181,40,36-50,59000,Clothing,Jacket,Adidas,5,3800
1182,41,36-50,62000,Electronics,Camera,Sony,4,32000
1183,43,36-50,65000,Groceries,Tea,Tata,8,320
1184,45,36-50,68000,Home Decor,Curtains,IKEA,5,3100
1185,46,36-50,71000,Clothing,Shirt,VanHeusen,6,2400
1186,48,36-50,74000,Electronics,Monitor,BenQ,4,15000
1187,50,50+,76000,Groceries,Rice,IndiaGate,7,1150
1188,52,50+,78000,Home Decor,SofaCover,Godrej,4,1800
1189,54,50+,80000,Clothing,Sweater,AllenSolly,5,2600
1190,56,50+,82000,Electronics,Tablet,Samsung,4,28000
1191,58,50+,84000,Groceries,Flour,Patanjali,8,290
1192,60,50+,86000,Clothing,Jeans,Lee,5,2000
1193,62,50+,88000,Home Decor,Rug,IKEA,4,2400
1194,64,50+,90000,Electronics,Headphones,Bose,3,18000
1195,66,50+,92000,Groceries,Spices,Everest,7,150
1196,68,50+,94000,Clothing,Blazer,LouisPhilippe,3,7500
1197,18,18-25,24000,Electronics,Earbuds,Realme,8,1500
1198,20,18-25,27000,Clothing,Hoodie,HRX,7,1700
1199,22,18-25,29000,Groceries,Snacks,Bingo,9,50
1200,24,18-25,31000,Home Decor,WallLamp,Philips,6,1200
1201,25,18-25,33000,Electronics,PowerBank,Samsung,7,1000
1202,27,26-35,35000,Clothing,TShirt,Puma,8,1000
1203,29,26-35,38000,Groceries,Yogurt,Danone,8,95
1204,31,26-35,41000,Home Decor,Clocks,Ajanta,6,900
1205,32,26-35,44000,Clothing,Jeans,Spykar,7,1900
1206,34,26-35,47000,Electronics,Keyboard,Logitech,6,2200
1207,36,36-50,50000,Groceries,Cheese,Gowardhan,7,240
1208,38,36-50,53000,Home Decor,Cushions,IKEA,6,450
1209,39,36-50,56000,Clothing,Jacket,NorthFace,5,5900
1210,41,36-50,59000,Electronics,Smartwatch,Garmin,4,21000
1211,43,36-50,62000,Groceries,Juice,Real,8,115
1212,45,36-50,65000,Home Decor,Vases,IKEA,5,750
1213,46,36-50,68000,Clothing,FormalShirt,Arrow,6,2700
1214,48,36-50,71000,Electronics,Projector,BenQ,3,38000
1215,50,50+,73000,Groceries,Coffee,Nestle,8,480
1216,52,50+,75000,Home Decor,Bedsheet,BombayDyeing,5,1600
1217,54,50+,77000,Clothing,Sweater,MonteCarlo,4,2500
1218,56,50+,79000,Electronics,Smart TV,MI,4,32000
1219,58,50+,81000,Groceries,Tea,TajMahal,7,310
1220,60,50+,83000,Clothing,Shirt,LouisPhilippe,5,3300
1221,62,50+,85000,Home Decor,Curtains,Portico,4,3000
1222,64,50+,87000,Electronics,Speaker,Sony,3,11000
1223,66,50+,89000,Groceries,Honey,Zandu,7,270
1224,68,50+,91000,Clothing,Jacket,Woodland,3,4000
1225,19,18-25,26000,Electronics,Headphones,JBL,7,3200
1226,21,18-25,29000,Clothing,Shorts,Adidas,8,1200
1227,23,18-25,31000,Groceries,Chips,UncleChips,9,55
1228,25,18-25,33000,Home Decor,PhotoFrames,IKEA,6,450
1229,26,26-35,35000,Electronics,Smartwatch,Amazfit,5,5500
1230,28,26-35,38000,Clothing,Jeans,Wrangler,7,1800
1231,30,26-35,41000,Groceries,Chocolate,Ferrero,8,220
1232,32,26-35,44000,Home Decor,WallArt,IKEA,6,2800
1233,33,26-35,47000,Clothing,Jacket,Columbia,5,4500
1234,35,26-35,50000,Electronics,Camera,Panasonic,4,29000
1235,37,36-50,53000,Groceries,Sauce,Maggi,7,110
1236,39,36-50,56000,Home Decor,Rug,HomeTown,6,2100
1237,40,36-50,59000,Clothing,TShirt,USPA,7,1300
1238,42,36-50,62000,Electronics,Monitor,LG,5,11000
1239,44,36-50,65000,Groceries,Pasta,Bambino,8,160
1240,46,36-50,68000,Home Decor,WallClock,Quartz,6,950
1241,47,36-50,71000,Clothing,Blazer,BlackBerry,4,5800
1242,49,36-50,74000,Electronics,GamingConsole,Microsoft,3,32000
1243,51,50+,76000,Groceries,Rice,Kohinoor,7,1050
1244,53,50+,78000,Home Decor,Carpet,IKEA,5,4200
1245,55,50+,80000,Clothing,Sweater,AllenSolly,5,2800
1246,57,50+,82000,Electronics,Tablet,Lenovo,4,20000
1247,59,50+,84000,Groceries,Flour,ShaktiBhog,8,310
1248,61,50+,86000,Clothing,Jeans,Pepe,5,1700
1249,63,50+,88000,Home Decor,Lamp,Philips,6,3000
1250,65,50+,90000,Electronics,Headphones,Sennheiser,3,13000
1251,67,50+,92000,Groceries,Spices,Catch,7,130
1252,18,18-25,25000,Clothing,Cap,Reebok,8,650
1253,20,18-25,28000,Electronics,Earbuds,Skullcandy,7,2000
1254,22,18-25,30000,Groceries,EnergyDrink,Monster,8,140
1255,24,18-25,32000,Home Decor,Showpiece,HomeTown,6,950
1256,25,18-25,34000,Clothing,TShirt,Nike,8,1400
1257,27,26-35,36000,Electronics,Router,TP-Link,6,1300
1258,29,26-35,39000,Groceries,Biscuits,Parle,8,65
1259,31,26-35,42000,Home Decor,Cushion,IKEA,7,350
1260,32,26-35,45000,Clothing,Jeans,FlyingMachine,6,2100
1261,34,26-35,48000,Electronics,SmartBand,MI,5,1800
1262,36,36-50,51000,Groceries,Jam,Kissan,8,120
1263,38,36-50,54000,Home Decor,Curtains,IKEA,6,2800
1264,39,36-50,57000,Clothing,Jacket,Decathlon,5,3000
1265,41,36-50,60000,Electronics,Keyboard,Corsair,4,5000
1266,43,36-50,63000,Groceries,Mayonnaise,Veeba,7,140
1267,45,36-50,66000,Home Decor,Rug,IKEA,5,2500
1268,46,36-50,69000,Clothing,Shirt,VanHeusen,6,2700
1269,48,36-50,72000,Electronics,ExternalDrive,WD,5,5200
1270,50,50+,74000,Groceries,Coffee,Nescafe,8,420
1271,52,50+,76000,Home Decor,WallClock,Ajanta,6,1100
1272,54,50+,78000,Clothing,Sweater,JohnPlayers,4,2400
1273,56,50+,80000,Electronics,Smartwatch,Fitbit,4,13000
1274,58,50+,82000,Groceries,Tea,Tata,8,340
1275,60,50+,84000,Clothing,Jacket,Wildcraft,4,3500
1276,62,50+,86000,Home Decor,Bedsheet,Portico,5,1500
1277,64,50+,88000,Electronics,Printer,Canon,4,7500
1278,66,50+,90000,Groceries,Honey,Dabur,7,310
1279,68,50+,92000,Clothing,Blazer,Arrow,3,5200
1280,19,18-25,27000,Electronics,Headphones,Boat,7,1400
1281,21,18-25,29000,Clothing,Hoodie,Puma,8,1500
1282,23,18-25,31000,Groceries,Chocolate,Amul,9,85
1283,24,18-25,33000,Home Decor,WallStickers,IKEA,6,250
1284,26,26-35,35000,Electronics,Speaker,UltimateEars,5,14000
1285,28,26-35,38000,Clothing,Jeans,Levis,7,2000
1286,30,26-35,41000,Groceries,Oats,Quaker,8,190
1287,31,26-35,44000,Home Decor,Vases,IKEA,6,650
1288,33,26-35,47000,Clothing,Shorts,HRX,7,1000
1289,35,26-35,50000,Electronics,Smartwatch,Apple,4,21000
1290,36,36-50,53000,Groceries,Pasta,Barilla,8,170
1291,38,36-50,56000,Home Decor,PhotoFrames,IKEA,6,500
1292,40,36-50,59000,Clothing,Jacket,Adidas,5,3600
1293,41,36-50,62000,Electronics,Camera,Nikon,4,34000
1294,43,36-50,65000,Groceries,Soup,Knorr,7,85
1295,45,36-50,68000,Home Decor,Lamp,Philips,6,2600
1296,47,36-50,71000,Clothing,Shirt,AllenSolly,6,2900
1297,48,36-50,74000,Electronics,Monitor,Asus,4,14000
1298,50,50+,76000,Groceries,Rice,Daawat,7,1200
1299,52,50+,78000,Home Decor,Curtains,BombayDyeing,5,2900
1300,54,50+,80000,Clothing,Sweater,MonteCarlo,4,2600
1301,56,50+,82000,Electronics,Tablet,Samsung,4,24000
1302,58,50+,84000,Groceries,Flour,Patanjali,8,280
1303,60,50+,86000,Clothing,Jeans,Lee,5,1900
1304,62,50+,88000,Home Decor,Rug,IKEA,4,2300
1305,64,50+,90000,Electronics,Headphones,Bose,3,16000
1306,66,50+,92000,Groceries,Spices,MDH,7,160
1307,68,50+,94000,Clothing,Jacket,NorthFace,3,6100
1308,18,18-25,25000,Electronics,Earbuds,Realme,8,1300
1309,20,18-25,28000,Clothing,TShirt,Adidas,8,1000
1310,22,18-25,30000,Groceries,Snacks,PepsiCo,9,180
1311,23,18-25,32000,Home Decor,WallLamp,IKEA,6,1100
1312,25,18-25,34000,Electronics,PowerBank,MI,7,1100
1313,27,26-35,36000,Clothing,Jeans,Spykar,7,1800
1314,29,26-35,39000,Groceries,Yogurt,Amul,8,90
1315,30,26-35,42000,Home Decor,Clock,Ajanta,6,1400
1316,32,26-35,45000,Clothing,Jacket,Columbia,5,4800
1317,34,26-35,48000,Electronics,Keyboard,Razer,5,3800
1318,35,26-35,51000,Groceries,Cheese,Amul,7,220
1319,37,36-50,54000,Home Decor,Cushions,IKEA,6,400
1320,39,36-50,57000,Clothing,Trousers,PeterEngland,7,2100
1321,40,36-50,60000,Electronics,Smartwatch,Samsung,5,15000
1322,42,36-50,63000,Groceries,Juice,Tropicana,8,110
1323,44,36-50,66000,Home Decor,WallArt,IKEA,5,3200
1324,46,36-50,69000,Clothing,FormalShirt,Arrow,6,2500
1325,47,36-50,72000,Electronics,Projector,ViewSonic,3,29000
1326,49,36-50,75000,Groceries,Coffee,Starbucks,7,600
1327,51,50+,77000,Home Decor,Bedsheet,Portico,5,1700
1328,53,50+,79000,Clothing,Sweater,AllenSolly,4,2500
1329,55,50+,81000,Electronics,Smart TV,LG,4,43000
1330,57,50+,83000,Groceries,Tea,Tetley,8,290
1331,59,50+,85000,Clothing,Shirt,VanHeusen,6,2600
1332,61,50+,87000,Home Decor,Curtains,IKEA,4,3100
1333,63,50+,89000,Electronics,Speaker,JBL,3,8000
1334,65,50+,91000,Groceries,Honey,Natural,7,330
1335,67,50+,93000,Clothing,Jacket,Woodland,3,3900
1336,19,18-25,26000,Electronics,Headphones,Sony,7,2700
1337,21,18-25,29000,Clothing,Cap,Nike,8,750
1338,23,18-25,31000,Groceries,Chips,Lays,9,65
1339,24,18-25,33000,Home Decor,PhotoFrames,IKEA,6,420
1340,26,26-35,35000,Electronics,Smartwatch,Amazfit,5,5200
1341,28,26-35,38000,Clothing,Jeans,Wrangler,7,1700
1342,30,26-35,41000,Groceries,Chocolate,DairyMilk,8,80
1343,31,26-35,44000,Home Decor,Rug,IKEA,6,1800
1344,33,26-35,47000,Clothing,Shorts,Adidas,7,1300
1345,35,26-35,50000,Electronics,Camera,Canon,4,36000
1346,36,36-50,53000,Groceries,Sauce,Heinz,7,180
1347,38,36-50,56000,Home Decor,WallClock,Quartz,6,800
1348,40,36-50,59000,Clothing,Jacket,Wildcraft,5,4000
1349,41,36-50,62000,Electronics,Monitor,Dell,5,13000
1350,43,36-50,65000,Groceries,Pasta,DelMonte,8,150
1351,45,36-50,68000,Home Decor,Lampshade,IKEA,6,550
1352,46,36-50,71000,Clothing,Blazer,BlackBerry,4,5400
1353,48,36-50,74000,Electronics,GamingConsole,Nintendo,3,25000
1354,50,50+,76000,Groceries,Rice,IndiaGate,7,1100
1355,52,50+,78000,Home Decor,Carpet,IKEA,5,3900
1356,54,50+,80000,Clothing,Sweater,JohnPlayers,4,2300
1357,56,50+,82000,Electronics,Tablet,Lenovo,4,19000
1358,58,50+,84000,Groceries,Flour,Ashirwad,8,300
1359,60,50+,86000,Clothing,Jeans,Pepe,5,1600
1360,62,50+,88000,Home Decor,Lamp,Philips,6,2800
1361,64,50+,90000,Electronics,Headphones,Sennheiser,3,12000
1362,66,50+,92000,Groceries,Spices,Everest,7,140
1363,18,18-25,24000,Clothing,Hoodie,HRX,8,1600
1364,20,18-25,27000,Electronics,Earbuds,Noise,7,1400
1365,22,18-25,29000,Groceries,EnergyDrink,RedBull,8,150
1366,24,18-25,31000,Home Decor,Showpiece,IKEA,6,900
1367,25,18-25,33000,Clothing,TShirt,Puma,8,1000
1368,27,26-35,35000,Electronics,Router,Netgear,6,1900
1369,29,26-35,38000,Groceries,Biscuits,Britannia,8,110
1370,31,26-35,41000,Home Decor,Cushion,IKEA,7,380
1371,32,26-35,44000,Clothing,Jeans,FlyingMachine,6,2000
1372,34,26-35,47000,Electronics,SmartBand,Huawei,5,1600
1373,36,36-50,50000,Groceries,Jam,Kissan,8,130
1374,38,36-50,53000,Home Decor,Curtains,IKEA,6,2700
1375,39,36-50,56000,Clothing,Jacket,Decathlon,5,3100
1376,41,36-50,59000,Electronics,Keyboard,Logitech,4,2400
1377,43,36-50,62000,Groceries,Mayonnaise,FunFoods,7,150
1378,45,36-50,65000,Home Decor,Rug,HomeTown,5,2600
1379,46,36-50,68000,Clothing,Shirt,VanHeusen,6,2800
1380,48,36-50,71000,Electronics,ExternalDrive,Toshiba,5,5000
1381,50,50+,73000,Groceries,Coffee,Nestle,8,450
1382,52,50+,75000,Home Decor,WallClock,Titan,6,1200
1383,54,50+,77000,Clothing,Sweater,MonteCarlo,4,2400
1384,56,50+,79000,Electronics,Smartwatch,Garmin,4,18000
1385,58,50+,81000,Groceries,Tea,Tata,8,330
1386,60,50+,83000,Clothing,Jacket,AllenSolly,4,3000
1387,62,50+,85000,Home Decor,Bedsheet,BombayDyeing,5,1600
1388,64,50+,87000,Electronics,Printer,Epson,4,7200
1389,66,50+,89000,Groceries,Honey,Himalaya,7,280
1390,68,50+,91000,Clothing,Blazer,LouisPhilippe,3,5000
1391,19,18-25,26000,Electronics,Headphones,JBL,7,3400
1392,21,18-25,29000,Clothing,Shorts,Reebok,8,1100
1393,23,18-25,31000,Groceries,Chocolate,KitKat,9,70
1394,24,18-25,33000,Home Decor,WallStickers,IKEA,6,280
1395,26,26-35,35000,Electronics,Speaker,Philips,6,4500
1396,28,26-35,38000,Clothing,Jeans,Levis,7,2100
1397,30,26-35,41000,Groceries,Oats,Saffola,8,210
1398,31,26-35,44000,Home Decor,Vases,IKEA,6,600
1399,33,26-35,47000,Clothing,Jacket,NorthFace,5,5600
1400,35,26-35,50000,Electronics,Smartwatch,Apple,4,19000
1401,36,36-50,53000,Groceries,Pasta,Barilla,8,160
1402,38,36-50,56000,Home Decor,PhotoFrames,IKEA,6,480
1403,40,36-50,59000,Clothing,TShirt,USPA,7,1400
1404,41,36-50,62000,Electronics,Camera,Sony,4,30000
1405,43,36-50,65000,Groceries,Soup,Knorr,7,95
1406,45,36-50,68000,Home Decor,Lamp,Philips,6,2700
1407,47,36-50,71000,Clothing,FormalShirt,PeterEngland,6,2300
1408,48,36-50,74000,Electronics,Monitor,BENQ,4,13000
1409,50,50+,76000,Groceries,Rice,Kohinoor,7,1150
1410,52,50+,78000,Home Decor,Curtains,IKEA,5,3000
1411,54,50+,80000,Clothing,Sweater,AllenSolly,4,2700
1412,56,50+,82000,Electronics,Tablet,Samsung,4,23000
1413,58,50+,84000,Groceries,Flour,ShaktiBhog,8,290
1414,60,50+,86000,Clothing,Jeans,Lee,5,1800
1415,62,50+,88000,Home Decor,Rug,IKEA,4,2100
1416,64,50+,90000,Electronics,Headphones,Bose,3,15000
1417,66,50+,92000,Groceries,Spices,MDH,7,150
1418,68,50+,94000,Clothing,Jacket,Columbia,3,5200
1419,18,18-25,25000,Electronics,Earbuds,Boat,8,1600
1420,20,18-25,28000,Clothing,TShirt,Nike,8,1300
1421,22,18-25,30000,Groceries,Snacks,PepsiCo,9,170
1422,23,18-25,32000,Home Decor,WallLamp,Philips,6,1000
1423,25,18-25,34000,Electronics,PowerBank,Anker,7,1200
1424,27,26-35,36000,Clothing,Jeans,Spykar,7,1700
1425,29,26-35,39000,Groceries,Yogurt,Danone,8,100
1426,30,26-35,42000,Home Decor,Clock,Ajanta,6,1300
1427,32,26-35,45000,Clothing,Jacket,Adidas,5,3500
1428,34,26-35,48000,Electronics,Keyboard,Corsair,5,4200
1429,35,26-35,51000,Groceries,Cheese,Gowardhan,7,210
1430,37,36-50,54000,Home Decor,Cushions,IKEA,6,370
1431,39,36-50,57000,Clothing,Trousers,Arrow,7,2200
1432,40,36-50,60000,Electronics,Smartwatch,Samsung,5,14000
1433,42,36-50,63000,Groceries,Juice,Real,8,100
1434,44,36-50,66000,Home Decor,WallArt,IKEA,5,3000
1435,46,36-50,69000,Clothing,Shirt,AllenSolly,6,3000
1436,47,36-50,72000,Electronics,Projector,Epson,3,32000
1437,49,36-50,75000,Groceries,Coffee,Starbucks,7,580
1438,51,50+,77000,Home Decor,Bedsheet,Portico,5,1800
1439,53,50+,79000,Clothing,Sweater,JohnPlayers,4,2200
1440,55,50+,81000,Electronics,Smart TV,Sony,4,44000
1441,57,50+,83000,Groceries,Tea,Tetley,8,280
1442,59,50+,85000,Clothing,Shirt,VanHeusen,6,2500
1443,61,50+,87000,Home Decor,Curtains,IKEA,4,3200
1444,63,50+,89000,Electronics,Speaker,Bose,3,13000
1445,65,50+,91000,Groceries,Honey,Dabur,7,310
1446,67,50+,93000,Clothing,Jacket,Woodland,3,3800
1447,19,18-25,27000,Electronics,Headphones,Sony,7,2900
1448,21,18-25,30000,Clothing,Cap,Puma,8,700
1449,23,18-25,32000,Groceries,Chips,UncleChips,9,60
1450,24,18-25,34000,Home Decor,PhotoFrames,IKEA,6,400
1451,26,26-35,36000,Electronics,Smartwatch,Fossil,5,13000
1452,28,26-35,39000,Clothing,Jeans,Wrangler,7,1900
1453,30,26-35,42000,Groceries,Chocolate,Ferrero,8,210
1454,31,26-35,45000,Home Decor,Rug,IKEA,6,1900
1455,33,26-35,48000,Clothing,Shorts,HRX,7,1100
1456,35,26-35,51000,Electronics,Camera,Panasonic,4,28000
1457,36,36-50,54000,Groceries,Sauce,Maggi,7,120
1458,38,36-50,57000,Home Decor,WallClock,Quartz,6,850
1459,40,36-50,60000,Clothing,Jacket,Wildcraft,5,3900
1460,41,36-50,63000,Electronics,Monitor,LG,5,10000
1461,43,36-50,66000,Groceries,Pasta,Bambino,8,170
1462,45,36-50,69000,Home Decor,Lampshade,IKEA,6,500
1463,46,36-50,72000,Clothing,Blazer,Arrow,4,5500
1464,48,36-50,75000,Electronics,GamingConsole,Sony,3,34000
1465,50,50+,77000,Groceries,Rice,Daawat,7,1150
1466,52,50+,79000,Home Decor,Carpet,IKEA,5,4000
1467,54,50+,81000,Clothing,Sweater,MonteCarlo,4,2500
1468,56,50+,83000,Electronics,Tablet,Lenovo,4,20000
1469,58,50+,85000,Groceries,Flour,Patanjali,8,270
1470,60,50+,87000,Clothing,Jeans,Pepe,5,1700
1471,62,50+,89000,Home Decor,Lamp,Philips,6,2900
1472,64,50+,91000,Electronics,Headphones,Sennheiser,3,11000
1473,66,50+,93000,Groceries,Spices,Catch,7,140
1474,18,18-25,24000,Clothing,Hoodie,Puma,8,1800
1475,20,18-25,27000,Electronics,Earbuds,Realme,7,1400
1476,22,18-25,29000,Groceries,EnergyDrink,Monster,8,130
1477,24,18-25,31000,Home Decor,Showpiece,IKEA,6,800
1478,25,18-25,33000,Clothing,TShirt,Adidas,8,1100
1479,27,26-35,35000,Electronics,Router,TP-Link,6,1400
1480,29,26-35,38000,Groceries,Biscuits,Parle,8,70
1481,31,26-35,41000,Home Decor,Cushion,IKEA,7,400
1482,32,26-35,44000,Clothing,Jeans,FlyingMachine,6,1900
1483,34,26-35,47000,Electronics,SmartBand,MI,5,1700
1484,36,36-50,50000,Groceries,Jam,Kissan,8,110
1485,38,36-50,53000,Home Decor,Curtains,IKEA,6,2600
1486,39,36-50,56000,Clothing,Jacket,Decathlon,5,3200
1487,41,36-50,59000,Electronics,Keyboard,Razer,4,3600
1488,43,36-50,62000,Groceries,Mayonnaise,Veeba,7,130
1489,45,36-50,65000,Home Decor,Rug,HomeTown,5,2400
1490,46,36-50,68000,Clothing,Shirt,VanHeusen,6,2600
1491,48,36-50,71000,Electronics,ExternalDrive,Seagate,5,4800
1492,50,50+,73000,Groceries,Coffee,Nescafe,8,430
1493,52,50+,75000,Home Decor,WallClock,Titan,6,1100
1494,54,50+,77000,Clothing,Sweater,AllenSolly,4,2600
1495,56,50+,79000,Electronics,Smartwatch,Fitbit,4,12000
1496,58,50+,81000,Groceries,Tea,Tata,8,320
1497,60,50+,83000,Clothing,Jacket,AllenSolly,4,2800
1498,62,50+,85000,Home Decor,Bedsheet,BombayDyeing,5,1500
1499,64,50+,87000,Electronics,Printer,HP,4,7500
1500,66,50+,89000,Groceries,Honey,Zandu,7,260
1501,68,50+,91000,Clothing,Blazer,BlackBerry,3,5300
1502,19,18-25,26000,Electronics,Headphones,JBL,7,3300
1503,21,18-25,29000,Clothing,Shorts,Nike,8,1200
1504,23,18-25,31000,Groceries,Chocolate,Amul,9,80
1505,24,18-25,33000,Home Decor,WallStickers,IKEA,6,230
1506,26,26-35,35000,Electronics,Speaker,JBL,6,6500
1507,28,26-35,38000,Clothing,Jeans,Levis,7,2200
1508,30,26-35,41000,Groceries,Oats,Quaker,8,200
1509,31,26-35,44000,Home Decor,Vases,IKEA,6,550
1510,33,26-35,47000,Clothing,Jacket,Columbia,5,5000
1511,35,26-35,50000,Electronics,Smartwatch,Apple,4,20000
1512,36,36-50,53000,Groceries,Pasta,Barilla,8,150
1513,38,36-50,56000,Home Decor,PhotoFrames,IKEA,6,450
1514,40,36-50,59000,Clothing,TShirt,Puma,7,1200
1515,41,36-50,62000,Electronics,Camera,Canon,4,35000
1516,43,36-50,65000,Groceries,Soup,Knorr,7,90
1517,45,36-50,68000,Home Decor,Lamp,Philips,6,2500
1518,47,36-50,71000,Clothing,FormalShirt,Arrow,6,2400
1519,48,36-50,74000,Electronics,Monitor,Acer,4,9500
1520,50,50+,76000,Groceries,Rice,IndiaGate,7,1100
1521,52,50+,78000,Home Decor,Curtains,IKEA,5,3100
1522,54,50+,80000,Clothing,Sweater,JohnPlayers,4,2300
1523,56,50+,82000,Electronics,Tablet,Asus,4,17000
1524,58,50+,84000,Groceries,Flour,Ashirwad,8,310
1525,60,50+,86000,Clothing,Jeans,Lee,5,1900
1526,62,50+,88000,Home Decor,Rug,IKEA,4,2200
1527,64,50+,90000,Electronics,Headphones,Bose,3,14000
1528,66,50+,92000,Groceries,Spices,Everest,7,130
1529,68,50+,94000,Clothing,Jacket,NorthFace,3,5800
1530,18,18-25,25000,Electronics,Earbuds,Skullcandy,8,1900
1531,20,18-25,28000,Clothing,TShirt,HRX,8,900
1532,22,18-25,30000,Groceries,Snacks,Bingo,9,60
1533,23,18-25,32000,Home Decor,WallLamp,IKEA,6,1000
1534,25,18-25,34000,Electronics,PowerBank,Samsung,7,1000
1535,27,26-35,36000,Clothing,Jeans,Spykar,7,1800
1536,29,26-35,39000,Groceries,Yogurt,Amul,8,90
1537,30,26-35,42000,Home Decor,Clock,Ajanta,6,1200
1538,32,26-35,45000,Clothing,Jacket,Adidas,5,3700
1539,34,26-35,48000,Electronics,Keyboard,Logitech,5,2300
1540,35,26-35,51000,Groceries,Cheese,Amul,7,200
1541,37,36-50,54000,Home Decor,Cushions,IKEA,6,360
1542,39,36-50,57000,Clothing,Trousers,PeterEngland,7,2000
1543,40,36-50,60000,Electronics,Smartwatch,Samsung,5,13000
1544,42,36-50,63000,Groceries,Juice,Tropicana,8,120
1545,44,36-50,66000,Home Decor,WallArt,IKEA,5,2900
1546,46,36-50,69000,Clothing,Shirt,AllenSolly,6,2800
1547,47,36-50,72000,Electronics,Projector,BenQ,3,36000
1548,49,36-50,75000,Groceries,Coffee,Starbucks,7,550
1549,51,50+,77000,Home Decor,Bedsheet,Portico,5,1600
1550,53,50+,79000,Clothing,Sweater,MonteCarlo,4,2400
1551,55,50+,81000,Electronics,Smart TV,MI,4,30000
1552,57,50+,83000,Groceries,Tea,TajMahal,8,300
1553,59,50+,85000,Clothing,Shirt,VanHeusen,6,2700
1554,61,50+,87000,Home Decor,Curtains,IKEA,4,3000
1555,63,50+,89000,Electronics,Speaker,Sony,3,10000
1556,65,50+,91000,Groceries,Honey,Himalaya,7,290
1557,67,50+,93000,Clothing,Jacket,Woodland,3,3600
1558,19,18-25,27000,Electronics,Headphones,Sony,7,2600
1559,21,18-25,30000,Clothing,Cap,Adidas,8,650
1560,23,18-25,32000,Groceries,Chips,Lays,9,55
1561,24,18-25,34000,Home Decor,PhotoFrames,IKEA,6,380
1562,26,26-35,36000,Electronics,Smartwatch,Amazfit,5,5000
1563,28,26-35,39000,Clothing,Jeans,Wrangler,7,1600
1564,30,26-35,42000,Groceries,Chocolate,DairyMilk,8,75
1565,31,26-35,45000,Home Decor,Rug,IKEA,6,1700
1566,33,26-35,48000,Clothing,Shorts,Reebok,7,1000
1567,35,26-35,51000,Electronics,Camera,Nikon,4,31000
1568,36,36-50,54000,Groceries,Sauce,Heinz,7,170
1569,38,36-50,57000,Home Decor,WallClock,Quartz,6,750
1570,40,36-50,60000,Clothing,Jacket,Wildcraft,5,3700
1571,41,36-50,63000,Electronics,Monitor,Dell,5,12000
1572,43,36-50,66000,Groceries,Pasta,DelMonte,8,140
1573,45,36-50,69000,Home Decor,Lampshade,IKEA,6,480
1574,46,36-50,72000,Clothing,Blazer,LouisPhilippe,4,5000
1575,48,36-50,75000,Electronics,GamingConsole,Microsoft,3,30000
1576,50,50+,77000,Groceries,Rice,Kohinoor,7,1050
1577,52,50+,79000,Home Decor,Carpet,IKEA,5,3800
1578,54,50+,81000,Clothing,Sweater,AllenSolly,4,2500
1579,56,50+,83000,Electronics,Tablet,Samsung,4,22000
1580,58,50+,85000,Groceries,Flour,ShaktiBhog,8,260
1581,60,50+,87000,Clothing,Jeans,Pepe,5,1600
1582,62,50+,89000,Home Decor,Lamp,Philips,6,2500
1583,64,50+,91000,Electronics,Headphones,Sennheiser,3,11000
1584,66,50+,93000,Groceries,Spices,MDH,7,120
1585,68,50+,95000,Clothing,Jacket,Columbia,3,5000
1586,18,18-25,24000,Clothing,Hoodie,Nike,8,1900
1587,20,18-25,27000,Electronics,Earbuds,Noise,7,1300
1588,22,18-25,29000,Groceries,EnergyDrink,RedBull,8,140
1589,24,18-25,31000,Home Decor,Showpiece,HomeTown,6,850
1590,25,18-25,33000,Clothing,TShirt,Puma,8,1100
1591,27,26-35,35000,Electronics,Router,Netgear,6,1800
1592,29,26-35,38000,Groceries,Biscuits,Britannia,8,100
1593,31,26-35,41000,Home Decor,Cushion,IKEA,7,340
1594,32,26-35,44000,Clothing,Jeans,FlyingMachine,6,2100
1595,34,26-35,47000,Electronics,SmartBand,Huawei,5,1500
1596,36,36-50,50000,Groceries,Jam,Kissan,8,120
1597,38,36-50,53000,Home Decor,Curtains,IKEA,6,2500
1598,39,36-50,56000,Clothing,Jacket,Decathlon,5,3000
1599,41,36-50,59000,Electronics,Keyboard,Corsair,4,4000
1600,43,36-50,62000,Groceries,Mayonnaise,FunFoods,7,140
1601,45,36-50,65000,Home Decor,Rug,HomeTown,5,2300
1602,46,36-50,68000,Clothing,Shirt,VanHeusen,6,2500
1603,48,36-50,71000,Electronics,ExternalDrive,WD,5,5000
1604,50,50+,73000,Groceries,Coffee,Nestle,8,440
1605,52,50+,75000,Home Decor,WallClock,Titan,6,1000
1606,54,50+,77000,Clothing,Sweater,JohnPlayers,4,2100
1607,56,50+,79000,Electronics,Smartwatch,Garmin,4,16000
1608,58,50+,81000,Groceries,Tea,Tata,8,310
1609,60,50+,83000,Clothing,Jacket,AllenSolly,4,2700
1610,62,50+,85000,Home Decor,Bedsheet,BombayDyeing,5,1500
1611,64,50+,87000,Electronics,Printer,Canon,4,7000
1612,66,50+,89000,Groceries,Honey,Dabur,7,270
1613,68,50+,91000,Clothing,Blazer,Arrow,3,4800
1614,19,18-25,26000,Electronics,Headphones,JBL,7,3100
1615,21,18-25,29000,Clothing,Shorts,Adidas,8,1200
1616,23,18-25,31000,Groceries,Chocolate,KitKat,9,65
1617,24,18-25,33000,Home Decor,WallStickers,IKEA,6,240
1618,26,26-35,35000,Electronics,Speaker,UltimateEars,5,13000
1619,28,26-35,38000,Clothing,Jeans,Levis,7,2000
1620,30,26-35,41000,Groceries,Oats,Saffola,8,190
1621,31,26-35,44000,Home Decor,Vases,IKEA,6,500
1622,33,26-35,47000,Clothing,Jacket,NorthFace,5,5200
1623,35,26-35,50000,Electronics,Smartwatch,Apple,4,18000
1624,36,36-50,53000,Groceries,Pasta,Barilla,8,140
1625,38,36-50,56000,Home Decor,PhotoFrames,IKEA,6,420
1626,40,36-50,59000,Clothing,TShirt,USPA,7,1300
1627,41,36-50,62000,Electronics,Camera,Sony,4,29000
1628,43,36-50,65000,Groceries,Soup,Knorr,7,85
1629,45,36-50,68000,Home Decor,Lamp,Philips,6,2400
1630,47,36-50,71000,Clothing,FormalShirt,PeterEngland,6,2100
1631,48,36-50,74000,Electronics,Monitor,BENQ,4,12000
1632,50,50+,76000,Groceries,Rice,Daawat,7,1100
1633,52,50+,78000,Home Decor,Curtains,IKEA,5,2800
1634,54,50+,80000,Clothing,Sweater,MonteCarlo,4,2200
1635,56,50+,82000,Electronics,Tablet,Lenovo,4,18000
1636,58,50+,84000,Groceries,Flour,Patanjali,8,250
1637,60,50+,86000,Clothing,Jeans,Lee,5,1700
1638,62,50+,88000,Home Decor,Rug,IKEA,4,2000
1639,64,50+,90000,Electronics,Headphones,Bose,3,13000
1640,66,50+,92000,Groceries,Spices,Catch,7,130
1641,68,50+,94000,Clothing,Jacket,Wildcraft,3,5500
1642,18,18-25,25000,Electronics,Earbuds,Realme,8,1500
1643,20,18-25,28000,Clothing,TShirt,Adidas,8,1000
1644,22,18-25,30000,Groceries,Snacks,PepsiCo,9,160
1645,23,18-25,32000,Home Decor,WallLamp,Philips,6,900
1646,25,18-25,34000,Electronics,PowerBank,MI,7,1100
1647,27,26-35,36000,Clothing,Jeans,Spykar,7,1600
1648,29,26-35,39000,Groceries,Yogurt,Danone,8,95
1649,30,26-35,42000,Home Decor,Clock,Ajanta,6,1100
1650,32,26-35,45000,Clothing,Jacket,Adidas,5,3400
1651,34,26-35,48000,Electronics,Keyboard,Razer,5,3500
1652,35,26-35,51000,Groceries,Cheese,Gowardhan,7,190
1653,37,36-50,54000,Home Decor,Cushions,IKEA,6,330
1654,39,36-50,57000,Clothing,Trousers,Arrow,7,1900
1655,40,36-50,60000,Electronics,Smartwatch,Samsung,5,12000
1656,42,36-50,63000,Groceries,Juice,Real,8,110
1657,44,36-50,66000,Home Decor,WallArt,IKEA,5,2700
1658,46,36-50,69000,Clothing,Shirt,AllenSolly,6,2600
1659,47,36-50,72000,Electronics,Projector,Epson,3,30000
1660,49,36-50,75000,Groceries,Coffee,Starbucks,7,500
1661,51,50+,77000,Home Decor,Bedsheet,Portico,5,1500
1662,53,50+,79000,Clothing,Sweater,AllenSolly,4,2300
1663,55,50+,81000,Electronics,Smart TV,LG,4,41000
1664,57,50+,83000,Groceries,Tea,Tetley,8,250
1665,59,50+,85000,Clothing,Shirt,VanHeusen,6,2300
1666,61,50+,87000,Home Decor,Curtains,IKEA,4,2800
1667,63,50+,89000,Electronics,Speaker,JBL,3,7000
1668,65,50+,91000,Groceries,Honey,Natural,7,300
1669,67,50+,93000,Clothing,Jacket,Woodland,3,3400
1670,19,18-25,27000,Electronics,Headphones,Sony,7,2400
1671,21,18-25,30000,Clothing,Cap,Nike,8,600
1672,23,18-25,32000,Groceries,Chips,UncleChips,9,50
1673,24,18-25,34000,Home Decor,PhotoFrames,IKEA,6,350
1674,26,26-35,36000,Electronics,Smartwatch,Fossil,5,12000
1675,28,26-35,39000,Clothing,Jeans,Wrangler,7,1500
1676,30,26-35,42000,Groceries,Chocolate,Ferrero,8,200
1677,31,26-35,45000,Home Decor,Rug,IKEA,6,1600
1678,33,26-35,48000,Clothing,Shorts,HRX,7,950
1679,35,26-35,51000,Electronics,Camera,Panasonic,4,25000
1680,36,36-50,54000,Groceries,Sauce,Maggi,7,100
1681,38,36-50,57000,Home Decor,WallClock,Quartz,6,700
1682,40,36-50,60000,Clothing,Jacket,Wildcraft,5,3500
1683,41,36-50,63000,Electronics,Monitor,LG,5,9500
1684,43,36-50,66000,Groceries,Pasta,Bambino,8,130
1685,45,36-50,69000,Home Decor,Lampshade,IKEA,6,450
1686,46,36-50,72000,Clothing,Blazer,BlackBerry,4,5000
1687,48,36-50,75000,Electronics,GamingConsole,Nintendo,3,23000
1688,50,50+,77000,Groceries,Rice,IndiaGate,7,1050
1689,52,50+,79000,Home Decor,Carpet,IKEA,5,3500
1690,54,50+,81000,Clothing,Sweater,JohnPlayers,4,2000
1691,56,50+,83000,Electronics,Tablet,Asus,4,16000
1692,58,50+,85000,Groceries,Flour,Ashirwad,8,240
1693,60,50+,87000,Clothing,Jeans,Pepe,5,1500
1694,62,50+,89000,Home Decor,Lamp,Philips,6,2200
1695,64,50+,91000,Electronics,Headphones,Sennheiser,3,10000
1696,66,50+,93000,Groceries,Spices,Everest,7,110
1697,68,50+,95000,Clothing,Jacket,NorthFace,3,5400
1698,18,18-25,24000,Clothing,Hoodie,Puma,8,1700
1699,20,18-25,27000,Electronics,Earbuds,Skullcandy,7,1700
1700,22,18-25,29000,Groceries,EnergyDrink,Monster,8,120
1701,24,18-25,31000,Home Decor,Showpiece,IKEA,6,750
1702,25,18-25,33000,Clothing,TShirt,Nike,8,1200
1703,27,26-35,35000,Electronics,Router,TP-Link,6,1200
1704,29,26-35,38000,Groceries,Biscuits,Parle,8,60
1705,31,26-35,41000,Home Decor,Cushion,IKEA,7,300
1706,32,26-35,44000,Clothing,Jeans,FlyingMachine,6,1800
1707,34,26-35,47000,Electronics,SmartBand,MI,5,1400
1708,36,36-50,50000,Groceries,Jam,Kissan,8,100
1709,38,36-50,53000,Home Decor,Curtains,IKEA,6,2400
1710,39,36-50,56000,Clothing,Jacket,Decathlon,5,2900
1711,41,36-50,59000,Electronics,Keyboard,Logitech,4,2100
1712,43,36-50,62000,Groceries,Mayonnaise,Veeba,7,120
1713,45,36-50,65000,Home Decor,Rug,HomeTown,5,2100
1714,46,36-50,68000,Clothing,Shirt,VanHeusen,6,2400
1715,48,36-50,71000,Electronics,ExternalDrive,Seagate,5,4500
1716,50,50+,73000,Groceries,Coffee,Nescafe,8,400
1717,52,50+,75000,Home Decor,WallClock,Titan,6,950
1718,54,50+,77000,Clothing,Sweater,MonteCarlo,4,2000
1719,56,50+,79000,Electronics,Smartwatch,Fitbit,4,11000
1720,58,50+,81000,Groceries,Tea,Tata,8,290
1721,60,50+,83000,Clothing,Jacket,AllenSolly,4,2500
1722,62,50+,85000,Home Decor,Bedsheet,BombayDyeing,5,1400
1723,64,50+,87000,Electronics,Printer,Epson,4,6500
1724,66,50+,89000,Groceries,Honey,Zandu,7,240
1725,68,50+,91000,Clothing,Blazer,LouisPhilippe,3,4500
1726,19,18-25,26000,Electronics,Headphones,JBL,7,3000
1727,21,18-25,29000,Clothing,Shorts,Reebok,8,1100
1728,23,18-25,31000,Groceries,Chocolate,Amul,9,70
1729,24,18-25,33000,Home Decor,WallStickers,IKEA,6,200
1730,26,26-35,35000,Electronics,Speaker,Philips,6,4000
1731,28,26-35,38000,Clothing,Jeans,Levis,7,1900
1732,30,26-35,41000,Groceries,Oats,Quaker,8,180
1733,31,26-35,44000,Home Decor,Vases,IKEA,6,450
1734,33,26-35,47000,Clothing,Jacket,Columbia,5,4800
1735,35,26-35,50000,Electronics,Smartwatch,Apple,4,17000
1736,36,36-50,53000,Groceries,Pasta,Barilla,8,130
1737,38,36-50,56000,Home Decor,PhotoFrames,IKEA,6,400
1738,40,36-50,59000,Clothing,TShirt,Puma,7,1100
1739,41,36-50,62000,Electronics,Camera,Canon,4,32000
1740,43,36-50,65000,Groceries,Soup,Knorr,7,80
1741,45,36-50,68000,Home Decor,Lamp,Philips,6,2300
1742,47,36-50,71000,Clothing,FormalShirt,Arrow,6,2000
1743,48,36-50,74000,Electronics,Monitor,Acer,4,9000
1744,50,50+,76000,Groceries,Rice,Kohinoor,7,1000
1745,52,50+,78000,Home Decor,Curtains,IKEA,5,2700
1746,54,50+,80000,Clothing,Sweater,AllenSolly,4,2100
1747,56,50+,82000,Electronics,Tablet,Samsung,4,21000
1748,58,50+,84000,Groceries,Flour,ShaktiBhog,8,230
1749,60,50+,86000,Clothing,Jeans,Lee,5,1600
1750,62,50+,88000,Home Decor,Rug,IKEA,4,1900
1751,64,50+,90000,Electronics,Headphones,Bose,3,12000
1752,66,50+,92000,Groceries,Spices,MDH,7,110
1753,68,50+,94000,Clothing,Jacket,Columbia,3,4900
1754,18,18-25,25000,Electronics,Earbuds,Boat,8,1400
1755,20,18-25,28000,Clothing,TShirt,Adidas,8,950
1756,22,18-25,30000,Groceries,Snacks,PepsiCo,9,150
1757,23,18-25,32000,Home Decor,WallLamp,IKEA,6,850
1758,25,18-25,34000,Electronics,PowerBank,Anker,7,1000
1759,27,26-35,36000,Clothing,Jeans,Spykar,7,1500
1760,29,26-35,39000,Groceries,Yogurt,Amul,8,85
1761,30,26-35,42000,Home Decor,Clock,Ajanta,6,1000
1762,32,26-35,45000,Clothing,Jacket,Adidas,5,3200
1763,34,26-35,48000,Electronics,Keyboard,Corsair,5,3200
1764,35,26-35,51000,Groceries,Cheese,Amul,7,180
1765,37,36-50,54000,Home Decor,Cushions,IKEA,6,320
1766,39,36-50,57000,Clothing,Trousers,PeterEngland,7,1800
1767,40,36-50,60000,Electronics,Smartwatch,Samsung,5,11000
1768,42,36-50,63000,Groceries,Juice,Tropicana,8,100
1769,44,36-50,66000,Home Decor,WallArt,IKEA,5,2600
1770,46,36-50,69000,Clothing,Shirt,AllenSolly,6,2400
1771,47,36-50,72000,Electronics,Projector,BenQ,3,34000
1772,49,36-50,75000,Groceries,Coffee,Starbucks,7,480
1773,51,50+,77000,Home Decor,Bedsheet,Portico,5,1400
1774,53,50+,79000,Clothing,Sweater,JohnPlayers,4,1900
1775,55,50+,81000,Electronics,Smart TV,Sony,4,42000
1776,57,50+,83000,Groceries,Tea,TajMahal,8,270
1777,59,50+,85000,Clothing,Shirt,VanHeusen,6,2200
1778,61,50+,87000,Home Decor,Curtains,IKEA,4,2600
1779,63,50+,89000,Electronics,Speaker,Sony,3,9000
1780,65,50+,91000,Groceries,Honey,Himalaya,7,260
1781,67,50+,93000,Clothing,Jacket,Woodland,3,3200
1782,19,18-25,27000,Electronics,Headphones,Sony,7,2200
1783,21,18-25,30000,Clothing,Cap,Puma,8,550
1784,23,18-25,32000,Groceries,Chips,Lays,9,45
1785,24,18-25,34000,Home Decor,PhotoFrames,IKEA,6,300
1786,26,26-35,36000,Electronics,Smartwatch,Amazfit,5,4800
1787,28,26-35,39000,Clothing,Jeans,Wrangler,7,1400
1788,30,26-35,42000,Groceries,Chocolate,DairyMilk,8,70
1789,31,26-35,45000,Home Decor,Rug,IKEA,6,1500
1790,33,26-35,48000,Clothing,Shorts,HRX,7,900
1791,35,26-35,51000,Electronics,Camera,Nikon,4,29000
1792,36,36-50,54000,Groceries,Sauce,Heinz,7,150
1793,38,36-50,57000,Home Decor,WallClock,Quartz,6,650
1794,40,36-50,60000,Clothing,Jacket,Wildcraft,5,3300
1795,41,36-50,63000,Electronics,Monitor,Dell,5,11000
1796,43,36-50,66000,Groceries,Pasta,DelMonte,8,120
1797,45,36-50,69000,Home Decor,Lampshade,IKEA,6,420
1798,46,36-50,72000,Clothing,Blazer,Arrow,4,4800
1799,48,36-50,75000,Electronics,GamingConsole,Sony,3,32000
1800,50,50+,77000,Groceries,Rice,Daawat,7,1000
1801,52,50+,79000,Home Decor,Carpet,IKEA,5,3300
1802,54,50+,81000,Clothing,Sweater,MonteCarlo,4,1900
1803,56,50+,83000,Electronics,Tablet,Lenovo,4,17000
1804,58,50+,85000,Groceries,Flour,Patanjali,8,220
1805,60,50+,87000,Clothing,Jeans,Pepe,5,1400
1806,62,50+,89000,Home Decor,Lamp,Philips,6,2100
1807,64,50+,91000,Electronics,Headphones,Sennheiser,3,9000
1808,66,50+,93000,Groceries,Spices,Catch,7,100
1809,68,50+,95000,Clothing,Jacket,NorthFace,3,5000
1810,18,18-25,24000,Clothing,Hoodie,Nike,8,1800
1811,20,18-25,27000,Electronics,Earbuds,Noise,7,1200
1812,22,18-25,29000,Groceries,EnergyDrink,RedBull,8,110
1813,24,18-25,31000,Home Decor,Showpiece,IKEA,6,700
1814,25,18-25,33000,Clothing,TShirt,Puma,8,1000
1815,27,26-35,35000,Electronics,Router,Netgear,6,1700
1816,29,26-35,38000,Groceries,Biscuits,Britannia,8,90
1817,31,26-35,41000,Home Decor,Cushion,IKEA,7,280
1818,32,26-35,44000,Clothing,Jeans,FlyingMachine,6,1700
1819,34,26-35,47000,Electronics,SmartBand,Huawei,5,1300
1820,36,36-50,50000,Groceries,Jam,Kissan,8,90
1821,38,36-50,53000,Home Decor,Curtains,IKEA,6,2300
1822,39,36-50,56000,Clothing,Jacket,Decathlon,5,2800
1823,41,36-50,59000,Electronics,Keyboard,Razer,4,3100
1824,43,36-50,62000,Groceries,Mayonnaise,FunFoods,7,110
1825,45,36-50,65000,Home Decor,Rug,HomeTown,5,2000
1826,46,36-50,68000,Clothing,Shirt,VanHeusen,6,2200
1827,48,36-50,71000,Electronics,ExternalDrive,Toshiba,5,4300
1828,50,50+,73000,Groceries,Coffee,Nestle,8,380
1829,52,50+,75000,Home Decor,WallClock,Titan,6,900
1830,54,50+,77000,Clothing,Sweater,AllenSolly,4,1800
1831,56,50+,79000,Electronics,Smartwatch,Garmin,4,15000
1832,58,50+,81000,Groceries,Tea,Tata,8,270
1833,60,50+,83000,Clothing,Jacket,AllenSolly,4,2400
1834,62,50+,85000,Home Decor,Bedsheet,BombayDyeing,5,1300
1835,64,50+,87000,Electronics,Printer,HP,4,6200
1836,66,50+,89000,Groceries,Honey,Dabur,7,230
1837,68,50+,91000,Clothing,Blazer,BlackBerry,3,4300
1838,19,18-25,26000,Electronics,Headphones,JBL,7,2800
1839,21,18-25,29000,Clothing,Shorts,Nike,8,1000
1840,23,18-25,31000,Groceries,Chocolate,KitKat,9,60
1841,24,18-25,33000,Home Decor,WallStickers,IKEA,6,180
1842,26,26-35,35000,Electronics,Speaker,JBL,6,6000
1843,28,26-35,38000,Clothing,Jeans,Levis,7,1800
1844,30,26-35,41000,Groceries,Oats,Saffola,8,170
1845,31,26-35,44000,Home Decor,Vases,IKEA,6,400
1846,33,26-35,47000,Clothing,Jacket,NorthFace,5,5000
1847,35,26-35,50000,Electronics,Smartwatch,Apple,4,16000
1848,36,36-50,53000,Groceries,Pasta,Barilla,8,120
1849,38,36-50,56000,Home Decor,PhotoFrames,IKEA,6,380
1850,40,36-50,59000,Clothing,TShirt,USPA,7,1000
1851,41,36-50,62000,Electronics,Camera,Sony,4,28000
1852,43,36-50,65000,Groceries,Soup,Knorr,7,75
1853,45,36-50,68000,Home Decor,Lamp,Philips,6,2200
1854,47,36-50,71000,Clothing,FormalShirt,PeterEngland,6,1900
1855,48,36-50,74000,Electronics,Monitor,BENQ,4,11000
1856,50,50+,76000,Groceries,Rice,IndiaGate,7,950
1857,52,50+,78000,Home Decor,Curtains,IKEA,5,2500
1858,54,50+,80000,Clothing,Sweater,JohnPlayers,4,1800
1859,56,50+,82000,Electronics,Tablet,Asus,4,15000
1860,58,50+,84000,Groceries,Flour,Ashirwad,8,210
1861,60,50+,86000,Clothing,Jeans,Lee,5,1400
1862,62,50+,88000,Home Decor,Rug,IKEA,4,1800
1863,64,50+,90000,Electronics,Headphones,Bose,3,11000
1864,66,50+,92000,Groceries,Spices,Everest,7,90
1865,68,50+,94000,Clothing,Jacket,Wildcraft,3,4700
1866,18,18-25,25000,Electronics,Earbuds,Realme,8,1200
1867,20,18-25,28000,Clothing,TShirt,HRX,8,850
1868,22,18-25,30000,Groceries,Snacks,Bingo,9,140
1869,23,18-25,32000,Home Decor,WallLamp,Philips,6,800
1870,25,18-25,34000,Electronics,PowerBank,Samsung,7,900
1871,27,26-35,36000,Clothing,Jeans,Spykar,7,1400
1872,29,26-35,39000,Groceries,Yogurt,Danone,8,80
1873,30,26-35,42000,Home Decor,Clock,Ajanta,6,900
1874,32,26-35,45000,Clothing,Jacket,Adidas,5,3000
1875,34,26-35,48000,Electronics,Keyboard,Logitech,5,2000
1876,35,26-35,51000,Groceries,Cheese,Gowardhan,7,170
1877,37,36-50,54000,Home Decor,Cushions,IKEA,6,300
1878,39,36-50,57000,Clothing,Trousers,Arrow,7,1700
1879,40,36-50,60000,Electronics,Smartwatch,Samsung,5,10000
1880,42,36-50,63000,Groceries,Juice,Real,8,90
1881,44,36-50,66000,Home Decor,WallArt,IKEA,5,2400
1882,46,36-50,69000,Clothing,Shirt,AllenSolly,6,2200
1883,47,36-50,72000,Electronics,Projector,Epson,3,28000
1884,49,36-50,75000,Groceries,Coffee,Starbucks,7,450
1885,51,50+,77000,Home Decor,Bedsheet,Portico,5,1300
1886,53,50+,79000,Clothing,Sweater,MonteCarlo,4,1700
1887,55,50+,81000,Electronics,Smart TV,MI,4,29000
1888,57,50+,83000,Groceries,Tea,Tetley,8,240
1889,59,50+,85000,Clothing,Shirt,VanHeusen,6,2100
1890,61,50+,87000,Home Decor,Curtains,IKEA,4,2400
1891,63,50+,89000,Electronics,Speaker,UltimateEars,3,11000
1892,65,50+,91000,Groceries,Honey,Natural,7,250
1893,67,50+,93000,Clothing,Jacket,Woodland,3,3000
1894,19,18-25,27000,Electronics,Headphones,Sony,7,2000
1895,21,18-25,30000,Clothing,Cap,Adidas,8,500
1896,23,18-25,32000,Groceries,Chips,UncleChips,9,40
1897,24,18-25,34000,Home Decor,PhotoFrames,IKEA,6,250
1898,26,26-35,36000,Electronics,Smartwatch,Fossil,5,11000
1899,28,26-35,39000,Clothing,Jeans,Wrangler,7,1300
1900,30,26-35,42000,Groceries,Chocolate,Ferrero,8,190
1901,31,26-35,45000,Home Decor,Rug,IKEA,6,1400
1902,33,26-35,48000,Clothing,Shorts,Reebok,7,850
1903,35,26-35,51000,Electronics,Camera,Panasonic,4,24000
1904,36,36-50,54000,Groceries,Sauce,Maggi,7,95
1905,38,36-50,57000,Home Decor,WallClock,Quartz,6,600
1906,40,36-50,60000,Clothing,Jacket,Wildcraft,5,3100
1907,41,36-50,63000,Electronics,Monitor,LG,5,9000
1908,43,36-50,66000,Groceries,Pasta,Bambino,8,110
1909,45,36-50,69000,Home Decor,Lampshade,IKEA,6,400
1910,46,36-50,72000,Clothing,Blazer,LouisPhilippe,4,4600
1911,48,36-50,75000,Electronics,GamingConsole,Microsoft,3,28000
1912,50,50+,77000,Groceries,Rice,Kohinoor,7,950
1913,52,50+,79000,Home Decor,Carpet,IKEA,5,3100
1914,54,50+,81000,Clothing,Sweater,AllenSolly,4,1700
1915,56,50+,83000,Electronics,Tablet,Samsung,4,20000
1916,58,50+,85000,Groceries,Flour,ShaktiBhog,8,200
1917,60,50+,87000,Clothing,Jeans,Pepe,5,1300
1918,62,50+,89000,Home Decor,Lamp,Philips,6,2000
1919,64,50+,91000,Electronics,Headphones,Sennheiser,3,8000
1920,66,50+,93000,Groceries,Spices,MDH,7,90
1921,68,50+,95000,Clothing,Jacket,Columbia,3,4600
1922,18,18-25,24000,Clothing,Hoodie,Puma,8,1600
1923,20,18-25,27000,Electronics,Earbuds,Skullcandy,7,1500
1924,22,18-25,29000,Groceries,EnergyDrink,Monster,8,100
1925,24,18-25,31000,Home Decor,Showpiece,HomeTown,6,650
1926,25,18-25,33000,Clothing,TShirt,Nike,8,1100
1927,27,26-35,35000,Electronics,Router,TP-Link,6,1100
1928,29,26-35,38000,Groceries,Biscuits,Parle,8,50
1929,31,26-35,41000,Home Decor,Cushion,IKEA,7,250
1930,32,26-35,44000,Clothing,Jeans,FlyingMachine,6,1600
1931,34,26-35,47000,Electronics,SmartBand,MI,5,1200
1932,36,36-50,50000,Groceries,Jam,Kissan,8,80
1933,38,36-50,53000,Home Decor,Curtains,IKEA,6,2200
1934,39,36-50,56000,Clothing,Jacket,Decathlon,5,2700
1935,41,36-50,59000,Electronics,Keyboard,Corsair,4,2900
1936,43,36-50,62000,Groceries,Mayonnaise,Veeba,7,100
1937,45,36-50,65000,Home Decor,Rug,HomeTown,5,1900
1938,46,36-50,68000,Clothing,Shirt,VanHeusen,6,2000
1939,48,36-50,71000,Electronics,ExternalDrive,WD,5,4100
1940,50,50+,73000,Groceries,Coffee,Nescafe,8,360
1941,52,50+,75000,Home Decor,WallClock,Titan,6,850
1942,54,50+,77000,Clothing,Sweater,JohnPlayers,4,1600
1943,56,50+,79000,Electronics,Smartwatch,Fitbit,4,10000
1944,58,50+,81000,Groceries,Tea,Tata,8,250
1945,60,50+,83000,Clothing,Jacket,AllenSolly,4,2200
1946,62,50+,85000,Home Decor,Bedsheet,BombayDyeing,5,1200
1947,64,50+,87000,Electronics,Printer,Canon,4,6000
1948,66,50+,89000,Groceries,Honey,Zandu,7,210
1949,68,50+,91000,Clothing,Blazer,Arrow,3,4100
1950,19,18-25,26000,Electronics,Headphones,JBL,7,2600
1951,21,18-25,29000,Clothing,Shorts,Adidas,8,950
1952,23,18-25,31000,Groceries,Chocolate,Amul,9,55
1953,24,18-25,33000,Home Decor,WallStickers,IKEA,6,160
1954,26,26-35,35000,Electronics,Speaker,Philips,6,3500
1955,28,26-35,38000,Clothing,Jeans,Levis,7,1700
1956,30,26-35,41000,Groceries,Oats,Quaker,8,160
1957,31,26-35,44000,Home Decor,Vases,IKEA,6,350
1958,33,26-35,47000,Clothing,Jacket,Columbia,5,4500
1959,35,26-35,50000,Electronics,Smartwatch,Apple,4,15000
1960,36,36-50,53000,Groceries,Pasta,Barilla,8,110
1961,38,36-50,56000,Home Decor,PhotoFrames,IKEA,6,350
1962,40,36-50,59000,Clothing,TShirt,Puma,7,950
1963,41,36-50,62000,Electronics,Camera,Canon,4,30000
1964,43,36-50,65000,Groceries,Soup,Knorr,7,70
1965,45,36-50,68000,Home Decor,Lamp,Philips,6,2000
1966,47,36-50,71000,Clothing,FormalShirt,Arrow,6,1800
1967,48,36-50,74000,Electronics,Monitor,Acer,4,8500
1968,50,50+,76000,Groceries,Rice,Daawat,7,900
1969,52,50+,78000,Home Decor,Curtains,IKEA,5,2300
1970,54,50+,80000,Clothing,Sweater,MonteCarlo,4,1600
1971,56,50+,82000,Electronics,Tablet,Lenovo,4,16000
1972,58,50+,84000,Groceries,Flour,Patanjali,8,190
1973,60,50+,86000,Clothing,Jeans,Lee,5,1300
1974,62,50+,88000,Home Decor,Rug,IKEA,4,1600
1975,64,50+,90000,Electronics,Headphones,Bose,3,10000
1976,66,50+,92000,Groceries,Spices,Catch,7,80
1977,68,50+,94000,Clothing,Jacket,NorthFace,3,4300
1978,18,18-25,25000,Electronics,Earbuds,Boat,8,1100
1979,20,18-25,28000,Clothing,TShirt,Adidas,8,900
1980,22,18-25,30000,Groceries,Snacks,PepsiCo,9,130
1981,23,18-25,32000,Home Decor,WallLamp,IKEA,6,750
1982,25,18-25,34000,Electronics,PowerBank,MI,7,850
1983,27,26-35,36000,Clothing,Jeans,Spykar,7,1300
1984,29,26-35,39000,Groceries,Yogurt,Amul,8,75
1985,30,26-35,42000,Home Decor,Clock,Ajanta,6,800
1986,32,26-35,45000,Clothing,Jacket,Adidas,5,2800
1987,34,26-35,48000,Electronics,Keyboard,Razer,5,2800
1988,35,26-35,51000,Groceries,Cheese,Amul,7,160
1989,37,36-50,54000,Home Decor,Cushions,IKEA,6,280
1990,39,36-50,57000,Clothing,Trousers,PeterEngland,7,1600
1991,40,36-50,60000,Electronics,Smartwatch,Samsung,5,9000
1992,42,36-50,63000,Groceries,Juice,Tropicana,8,80
1993,44,36-50,66000,Home Decor,WallArt,IKEA,5,2200
1994,46,36-50,69000,Clothing,Shirt,AllenSolly,6,2000
1995,47,36-50,72000,Electronics,Projector,BenQ,3,32000
1996,49,36-50,75000,Groceries,Coffee,Starbucks,7,420
1997,51,50+,77000,Home Decor,Bedsheet,Portico,5,1200
1998,53,50+,79000,Clothing,Sweater,AllenSolly,4,1500
1999,55,50+,81000,Electronics,Smart TV,LG,4,38000
2000,57,50+,83000,Groceries,Tea,TajMahal,8,220